,Date,load
48000,2019-05-16,1411.7861557499564
48001,2019-05-16,1411.9505871541041
48002,2019-05-16,1412.115018558281
48003,2019-05-16,1412.2794499624579
48004,2019-05-16,1412.4438813666347
48005,2019-05-16,1416.2528769724886
48006,2019-05-16,1420.0618725783424
48007,2019-05-16,1423.8708681842545
48008,2019-05-16,1427.6798637901084
48009,2019-05-16,1430.9813147880777
48010,2019-05-16,1434.2827657860762
48011,2019-05-16,1437.5842167840165
48012,2019-05-16,1440.8856677819858
48013,2019-05-16,1441.2346264901862
48014,2019-05-16,1441.5835851983284
48015,2019-05-16,1441.9325439065578
48016,2019-05-16,1442.2815026147582
48017,2019-05-16,1446.326512441592
48018,2019-05-16,1450.371522268426
48019,2019-05-16,1454.4165320952598
48020,2019-05-16,1458.4615419221227
48021,2019-05-16,1460.9391169119044
48022,2019-05-16,1463.416691901657
48023,2019-05-16,1465.8942668914387
48024,2019-05-16,1468.3718418812205
48025,2019-05-16,1462.877001379733
48026,2019-05-16,1457.3821608782164
48027,2019-05-16,1451.8873203766998
48028,2019-05-16,1446.3924798751832
48029,2019-05-16,1428.838955125073
48030,2019-05-16,1411.2854303749336
48031,2019-05-16,1393.7319056248234
48032,2019-05-16,1376.1783808747423
48033,2019-05-16,1373.7916317415365
48034,2019-05-16,1371.404882608389
48035,2019-05-16,1369.0181334752706
48036,2019-05-16,1366.631384342123
48037,2019-05-16,1389.3988158710708
48038,2019-05-16,1412.1662474000186
48039,2019-05-16,1434.9336789289664
48040,2019-05-16,1457.7011104579142
48041,2019-05-16,1476.5902498669748
48042,2019-05-16,1495.4793892760645
48043,2019-05-16,1514.368528685096
48044,2019-05-16,1533.2576680941856
48045,2019-05-16,1547.5251040460134
48046,2019-05-16,1561.7925399978703
48047,2019-05-16,1576.0599759497272
48048,2019-05-16,1590.3274119015841
48049,2019-05-16,1596.9876841901278
48050,2019-05-16,1603.6479564786714
48051,2019-05-16,1610.3082287672441
48052,2019-05-16,1616.968501055817
48053,2019-05-16,1620.0243713525706
48054,2019-05-16,1623.0802416493243
48055,2019-05-16,1626.1361119461071
48056,2019-05-16,1629.1919822428317
48057,2019-05-16,1634.1015682886064
48058,2019-05-16,1639.0111543343228
48059,2019-05-16,1643.9207403800974
48060,2019-05-16,1648.8303264257847
48061,2019-05-16,1650.9388951133587
48062,2019-05-16,1653.0474638009036
48063,2019-05-16,1655.1560324884485
48064,2019-05-16,1657.2646011759934
48065,2019-05-16,1660.6217493015865
48066,2019-05-16,1663.9788974272087
48067,2019-05-16,1667.3360455527727
48068,2019-05-16,1670.693193678395
48069,2019-05-16,1669.7159076541138
48070,2019-05-16,1668.7386216298037
48071,2019-05-16,1667.7613356054935
48072,2019-05-16,1666.7840495812125
48073,2019-05-16,1664.2523677545832
48074,2019-05-16,1661.720685927954
48075,2019-05-16,1659.189004101354
48076,2019-05-16,1656.6573222747247
48077,2019-05-16,1649.9887707686576
48078,2019-05-16,1643.3202192626195
48079,2019-05-16,1636.6516677565523
48080,2019-05-16,1629.9831162505143
48081,2019-05-16,1631.040236347675
48082,2019-05-16,1632.097356444894
48083,2019-05-16,1633.154476542084
48084,2019-05-16,1634.211596639274
48085,2019-05-16,1631.045357120107
48086,2019-05-16,1627.879117600969
48087,2019-05-16,1624.712878081773
48088,2019-05-16,1621.5466385625768
48089,2019-05-16,1618.137779132172
48090,2019-05-16,1614.7289197017672
48091,2019-05-16,1611.3200602713332
48092,2019-05-16,1607.9112008409284
48093,2019-05-16,1640.4368970051873
48094,2019-05-16,1643.3937285569264
48095,2019-05-16,1639.9832504764781
48096,2019-05-17,1514.787717703497
48097,2019-05-17,1514.5330756917829
48098,2019-05-17,1514.2784336800687
48099,2019-05-17,1514.0237916683545
48100,2019-05-17,1513.7691496566113
48101,2019-05-17,1511.6645090079692
48102,2019-05-17,1509.559868359298
48103,2019-05-17,1507.4552277105977
48104,2019-05-17,1505.3505870619265
48105,2019-05-17,1507.015943426115
48106,2019-05-17,1508.6812997903326
48107,2019-05-17,1510.3466561545501
48108,2019-05-17,1512.0120125187386
48109,2019-05-17,1516.8016355621512
48110,2019-05-17,1521.5912586055929
48111,2019-05-17,1526.3808816490346
48112,2019-05-17,1531.1705046924471
48113,2019-05-17,1529.1946679748362
48114,2019-05-17,1527.2188312572544
48115,2019-05-17,1525.2429945396434
48116,2019-05-17,1523.2671578220325
48117,2019-05-17,1527.8546561584808
48118,2019-05-17,1532.4421544949
48119,2019-05-17,1537.0296528313484
48120,2019-05-17,1541.6171511677676
48121,2019-05-17,1542.0331020733865
48122,2019-05-17,1542.4490529790055
48123,2019-05-17,1542.8650038846245
48124,2019-05-17,1543.2809547902725
48125,2019-05-17,1542.0821068301157
48126,2019-05-17,1540.8832588699297
48127,2019-05-17,1539.6844109097437
48128,2019-05-17,1538.4855629495578
48129,2019-05-17,1548.2632533271099
48130,2019-05-17,1558.0409437046037
48131,2019-05-17,1567.8186340820976
48132,2019-05-17,1577.5963244595914
48133,2019-05-17,1591.9736647879763
48134,2019-05-17,1606.351005116303
48135,2019-05-17,1620.7283454446879
48136,2019-05-17,1635.1056857730146
48137,2019-05-17,1640.9303650851944
48138,2019-05-17,1646.755044397316
48139,2019-05-17,1652.5797237094375
48140,2019-05-17,1658.4044030216173
48141,2019-05-17,1672.7754277043277
48142,2019-05-17,1687.1464523870673
48143,2019-05-17,1701.5174770697777
48144,2019-05-17,1715.8885017525463
48145,2019-05-17,1731.8831984654244
48146,2019-05-17,1747.8778951783024
48147,2019-05-17,1763.8725918911514
48148,2019-05-17,1779.8672886040586
48149,2019-05-17,1782.142220298585
48150,2019-05-17,1784.4171519931115
48151,2019-05-17,1786.692083687638
48152,2019-05-17,1788.9670153821644
48153,2019-05-17,1785.3112319296342
48154,2019-05-17,1781.655448477104
48155,2019-05-17,1777.999665024574
48156,2019-05-17,1774.3438815720438
48157,2019-05-17,1748.818488056102
48158,2019-05-17,1723.2930945401895
48159,2019-05-17,1697.7677010242478
48160,2019-05-17,1672.2423075083352
48161,2019-05-17,1636.303387373482
48162,2019-05-17,1600.364467238629
48163,2019-05-17,1564.4255471037177
48164,2019-05-17,1528.4866269688646
48165,2019-05-17,1533.114753963775
48166,2019-05-17,1537.7428809586563
48167,2019-05-17,1542.3710079535085
48168,2019-05-17,1546.999134948419
48169,2019-05-17,1563.6520869144006
48170,2019-05-17,1580.3050388804113
48171,2019-05-17,1596.9579908463638
48172,2019-05-17,1613.6109428123746
48173,2019-05-17,1621.5629901106586
48174,2019-05-17,1629.5150374089717
48175,2019-05-17,1637.4670847072848
48176,2019-05-17,1645.419132005598
48177,2019-05-17,1624.6284568166593
48178,2019-05-17,1603.8377816277207
48179,2019-05-17,1583.047106438753
48180,2019-05-17,1562.2564312498434
48181,2019-05-17,1555.9258786821156
48182,2019-05-17,1549.595326114475
48183,2019-05-17,1543.2647735467763
48184,2019-05-17,1536.9342209790775
48185,2019-05-17,1538.1424197811866
48186,2019-05-17,1539.3506185832957
48187,2019-05-17,1540.5588173854048
48188,2019-05-17,1541.767016187514
48189,2019-05-17,1439.3079188195697
48190,2019-05-17,1455.8710197496985
48191,2019-05-17,1464.8026235786383
48192,2019-05-18,1333.439348224434
48193,2019-05-18,1337.9775356084865
48194,2019-05-18,1342.515722992539
48195,2019-05-18,1347.0539103765623
48196,2019-05-18,1351.5920977606147
48197,2019-05-18,1352.6328755415743
48198,2019-05-18,1353.673653322534
48199,2019-05-18,1354.7144311034936
48200,2019-05-18,1355.755208884424
48201,2019-05-18,1358.0438745509891
48202,2019-05-18,1360.3325402175833
48203,2019-05-18,1362.6212058841775
48204,2019-05-18,1364.9098715508007
48205,2019-05-18,1364.7821802472463
48206,2019-05-18,1364.65448894375
48207,2019-05-18,1364.5267976402247
48208,2019-05-18,1364.3991063366993
48209,2019-05-18,1367.4799633256334
48210,2019-05-18,1370.5608203145093
48211,2019-05-18,1373.6416773033561
48212,2019-05-18,1376.7225342922611
48213,2019-05-18,1378.7464966614207
48214,2019-05-18,1380.7704590305511
48215,2019-05-18,1382.7944213996816
48216,2019-05-18,1384.8183837688412
48217,2019-05-18,1382.6261613207462
48218,2019-05-18,1380.4339388726512
48219,2019-05-18,1378.2417164245562
48220,2019-05-18,1376.0494939764321
48221,2019-05-18,1383.1985325246933
48222,2019-05-18,1390.3475710729253
48223,2019-05-18,1397.4966096212156
48224,2019-05-18,1404.6456481694768
48225,2019-05-18,1416.8862525213917
48226,2019-05-18,1429.1268568733649
48227,2019-05-18,1441.3674612252798
48228,2019-05-18,1453.608065577253
48229,2019-05-18,1462.325517371908
48230,2019-05-18,1471.0429691665922
48231,2019-05-18,1479.7604209612182
48232,2019-05-18,1488.4778727559024
48233,2019-05-18,1502.5071977866464
48234,2019-05-18,1516.5365228174196
48235,2019-05-18,1530.5658478481637
48236,2019-05-18,1544.5951728789078
48237,2019-05-18,1558.5300548214
48238,2019-05-18,1572.4649367638922
48239,2019-05-18,1586.3998187063844
48240,2019-05-18,1600.3347006488766
48241,2019-05-18,1609.2239846579905
48242,2019-05-18,1618.1132686671626
48243,2019-05-18,1627.0025526762474
48244,2019-05-18,1635.8918366853904
48245,2019-05-18,1637.3927064329619
48246,2019-05-18,1638.8935761805624
48247,2019-05-18,1640.394445928163
48248,2019-05-18,1641.8953156757634
48249,2019-05-18,1646.6687901340483
48250,2019-05-18,1651.4422645923623
48251,2019-05-18,1656.2157390506763
48252,2019-05-18,1660.9892135089904
48253,2019-05-18,1666.7650743252598
48254,2019-05-18,1672.5409351415583
48255,2019-05-18,1678.316795957886
48256,2019-05-18,1684.0926567741553
48257,2019-05-18,1689.2616357789084
48258,2019-05-18,1694.4306147836614
48259,2019-05-18,1699.5995937883854
48260,2019-05-18,1704.7685727931093
48261,2019-05-18,1704.0188527539722
48262,2019-05-18,1703.2691327147477
48263,2019-05-18,1702.5194126755814
48264,2019-05-18,1701.769692636386
48265,2019-05-18,1699.239509110339
48266,2019-05-18,1696.709325584321
48267,2019-05-18,1694.1791420583031
48268,2019-05-18,1691.648958532256
48269,2019-05-18,1692.4450555791555
48270,2019-05-18,1693.2411526260548
48271,2019-05-18,1694.037249672925
48272,2019-05-18,1694.8333467198536
48273,2019-05-18,1693.9543087757775
48274,2019-05-18,1693.0752708317013
48275,2019-05-18,1692.1962328876252
48276,2019-05-18,1691.317194943549
48277,2019-05-18,1688.8677668446326
48278,2019-05-18,1686.4183387456287
48279,2019-05-18,1683.968910646683
48280,2019-05-18,1681.5194825477083
48281,2019-05-18,1679.4772908822633
48282,2019-05-18,1677.4350992168183
48283,2019-05-18,1675.3929075513734
48284,2019-05-18,1673.3507158859284
48285,2019-05-18,1704.6719573306618
48286,2019-05-18,1708.305851530342
48287,2019-05-18,1700.541207685048
48288,2019-05-19,1493.3731608263624
48289,2019-05-19,1495.1482927785837
48290,2019-05-19,1496.923424730805
48291,2019-05-19,1498.6985566829972
48292,2019-05-19,1500.4736886352184
48293,2019-05-19,1497.1479365969426
48294,2019-05-19,1493.8221845586959
48295,2019-05-19,1490.4964325204492
48296,2019-05-19,1487.1706804821733
48297,2019-05-19,1489.6065018992813
48298,2019-05-19,1492.0423233163892
48299,2019-05-19,1494.4781447335263
48300,2019-05-19,1496.9139661506051
48301,2019-05-19,1496.380198088038
48302,2019-05-19,1495.8464300255
48303,2019-05-19,1495.312661962962
48304,2019-05-19,1494.778893900424
48305,2019-05-19,1491.9357853561814
48306,2019-05-19,1489.0926768119098
48307,2019-05-19,1486.249568267638
48308,2019-05-19,1483.4064597233955
48309,2019-05-19,1476.857882773591
48310,2019-05-19,1470.3093058237864
48311,2019-05-19,1463.7607288739819
48312,2019-05-19,1457.2121519241773
48313,2019-05-19,1457.4591322375636
48314,2019-05-19,1457.706112550979
48315,2019-05-19,1457.9530928643653
48316,2019-05-19,1458.2000731777807
48317,2019-05-19,1472.520431547542
48318,2019-05-19,1486.8407899173617
48319,2019-05-19,1501.1611482871522
48320,2019-05-19,1515.4815066569427
48321,2019-05-19,1527.9839905473636
48322,2019-05-19,1540.4864744377264
48323,2019-05-19,1552.9889583281183
48324,2019-05-19,1565.4914422185684
48325,2019-05-19,1579.1354594310396
48326,2019-05-19,1592.7794766435109
48327,2019-05-19,1606.4234938560112
48328,2019-05-19,1620.0675110684824
48329,2019-05-19,1632.329671036452
48330,2019-05-19,1644.5918310043926
48331,2019-05-19,1656.8539909723331
48332,2019-05-19,1669.1161509402737
48333,2019-05-19,1673.5610141214565
48334,2019-05-19,1678.0058773026976
48335,2019-05-19,1682.4507404839096
48336,2019-05-19,1686.8956036651216
48337,2019-05-19,1688.2973017883196
48338,2019-05-19,1689.6989999114885
48339,2019-05-19,1691.1006980347447
48340,2019-05-19,1692.5023961579427
48341,2019-05-19,1702.0251759728126
48342,2019-05-19,1711.5479557877406
48343,2019-05-19,1721.0707356026687
48344,2019-05-19,1730.5935154175677
48345,2019-05-19,1738.6220178432413
48346,2019-05-19,1746.6505202688568
48347,2019-05-19,1754.6790226945595
48348,2019-05-19,1762.7075251202332
48349,2019-05-19,1765.6501768229937
48350,2019-05-19,1768.5928285257833
48351,2019-05-19,1771.5354802285729
48352,2019-05-19,1774.4781319313333
48353,2019-05-19,1777.3505668298167
48354,2019-05-19,1780.223001728271
48355,2019-05-19,1783.0954366267542
48356,2019-05-19,1785.9678715252085
48357,2019-05-19,1785.9211419978528
48358,2019-05-19,1785.874412470468
48359,2019-05-19,1785.8276829431124
48360,2019-05-19,1785.7809534157277
48361,2019-05-19,1785.018756605161
48362,2019-05-19,1784.256559794565
48363,2019-05-19,1783.494362983969
48364,2019-05-19,1782.7321661733731
48365,2019-05-19,1778.8585603821266
48366,2019-05-19,1774.9849545909092
48367,2019-05-19,1771.1113487996627
48368,2019-05-19,1767.2377430084161
48369,2019-05-19,1764.1850996470603
48370,2019-05-19,1761.1324562857335
48371,2019-05-19,1758.0798129244358
48372,2019-05-19,1755.027169563109
48373,2019-05-19,1753.4380781387736
48374,2019-05-19,1751.8489867143799
48375,2019-05-19,1750.2598952900153
48376,2019-05-19,1748.6708038656216
48377,2019-05-19,1744.1520830105292
48378,2019-05-19,1739.6333621554077
48379,2019-05-19,1735.114641300257
48380,2019-05-19,1730.5959204451356
48381,2019-05-19,1723.1990301046462
48382,2019-05-19,1721.5352146750956
48383,2019-05-19,1726.7917926569062
53760,2019-07-15,2099.9538889858813
53761,2019-07-15,2091.754161015415
53762,2019-07-15,2083.5544330449193
53763,2019-07-15,2075.3547050743946
53764,2019-07-15,2067.15497710387
53765,2019-07-15,2059.553973631613
53766,2019-07-15,2051.9529701593565
53767,2019-07-15,2044.3519666870416
53768,2019-07-15,2036.7509632147558
53769,2019-07-15,2037.9901413477492
53770,2019-07-15,2039.2293194807135
53771,2019-07-15,2040.4684976137069
53772,2019-07-15,2041.7076757467003
53773,2019-07-15,2043.4704056981427
53774,2019-07-15,2045.2331356495852
53775,2019-07-15,2046.9958656010567
53776,2019-07-15,2048.758595552499
53777,2019-07-15,2048.609670808597
53778,2019-07-15,2048.4607460646075
53779,2019-07-15,2048.3118213206762
53780,2019-07-15,2048.162896576716
53781,2019-07-15,2048.93429856273
53782,2019-07-15,2049.705700548744
53783,2019-07-15,2050.477102534729
53784,2019-07-15,2051.248504520743
53785,2019-07-15,2057.835164716351
53786,2019-07-15,2064.4218249119876
53787,2019-07-15,2071.0084851075953
53788,2019-07-15,2077.595145303232
53789,2019-07-15,2089.8234563003643
53790,2019-07-15,2102.0517672974966
53791,2019-07-15,2114.2800782945997
53792,2019-07-15,2126.508389291732
53793,2019-07-15,2140.355257364572
53794,2019-07-15,2154.2021254374413
53795,2019-07-15,2168.0489935102523
53796,2019-07-15,2181.8958615830925
53797,2019-07-15,2193.205060720473
53798,2019-07-15,2204.5142598579405
53799,2019-07-15,2215.82345899535
53800,2019-07-15,2227.1326581327594
53801,2019-07-15,2238.2299561009568
53802,2019-07-15,2249.3272540691833
53803,2019-07-15,2260.4245520373806
53804,2019-07-15,2271.5218500056653
53805,2019-07-15,2285.3201528885984
53806,2019-07-15,2299.1184557714732
53807,2019-07-15,2312.9167586544063
53808,2019-07-15,2326.7150615373394
53809,2019-07-15,2340.359492096177
53810,2019-07-15,2354.003922654956
53811,2019-07-15,2367.6483532137645
53812,2019-07-15,2381.292783772602
53813,2019-07-15,2381.4092770169955
53814,2019-07-15,2381.525770261389
53815,2019-07-15,2381.6422635058116
53816,2019-07-15,2381.758756750205
53817,2019-07-15,2374.0133323280606
53818,2019-07-15,2366.267907905887
53819,2019-07-15,2358.5224834837427
53820,2019-07-15,2350.777059061569
53821,2019-07-15,2285.3108182716533
53822,2019-07-15,2219.844577481679
53823,2019-07-15,2154.378336691734
53824,2019-07-15,2088.9120959018182
53825,2019-07-15,2050.7211353530292
53826,2019-07-15,2012.5301748042402
53827,2019-07-15,1974.3392142554512
53828,2019-07-15,1936.1482537066622
53829,2019-07-15,1941.6456604608684
53830,2019-07-15,1947.1430672150746
53831,2019-07-15,1952.6404739692225
53832,2019-07-15,1958.1378807233996
53833,2019-07-15,1964.0735699205252
53834,2019-07-15,1970.0092591176508
53835,2019-07-15,1975.9449483147473
53836,2019-07-15,1981.880637511873
53837,2019-07-15,1992.6472500179661
53838,2019-07-15,2003.4138625240594
53839,2019-07-15,2014.1804750301235
53840,2019-07-15,2024.9470875362167
53841,2019-07-15,2038.2673254768306
53842,2019-07-15,2051.5875634174445
53843,2019-07-15,2064.907801358
53844,2019-07-15,2078.228039298614
53845,2019-07-15,2079.149263981206
53846,2019-07-15,2080.070488663885
53847,2019-07-15,2080.991713346506
53848,2019-07-15,2081.912938029127
53849,2019-07-15,2075.2390098960605
53850,2019-07-15,2068.5650817630813
53851,2019-07-15,2061.8911536300147
53852,2019-07-15,2055.2172254969773
53853,2019-07-15,2204.4568795007654
53854,2019-07-15,2223.6857443676563
53855,2019-07-15,2224.9024897456984
53856,2019-07-16,1895.372519426397
53857,2019-07-16,1903.5230895611749
53858,2019-07-16,1911.6736596959236
53859,2019-07-16,1919.8242298306723
53860,2019-07-16,1927.97479996545
53861,2019-07-16,1929.9644730777654
53862,2019-07-16,1931.9541461900517
53863,2019-07-16,1933.943819302338
53864,2019-07-16,1935.9334924146533
53865,2019-07-16,1938.2797694435285
53866,2019-07-16,1940.6260464724037
53867,2019-07-16,1942.9723235012789
53868,2019-07-16,1945.3186005301832
53869,2019-07-16,1989.3859377379704
53870,2019-07-16,2033.4532749457576
53871,2019-07-16,2077.5206121535157
53872,2019-07-16,2121.587949361332
53873,2019-07-16,2124.8640598059865
53874,2019-07-16,2128.140170250612
53875,2019-07-16,2131.4162806952663
53876,2019-07-16,2134.6923911398917
53877,2019-07-16,2074.522151840414
53878,2019-07-16,2014.3519125409657
53879,2019-07-16,1954.1816732414882
53880,2019-07-16,1894.0114339419815
53881,2019-07-16,1893.3961551246466
53882,2019-07-16,1892.7808763072826
53883,2019-07-16,1892.1655974899768
53884,2019-07-16,1891.5503186726419
53885,2019-07-16,1909.3338136880775
53886,2019-07-16,1927.117308703484
53887,2019-07-16,1944.9008037189196
53888,2019-07-16,1962.6842987343553
53889,2019-07-16,1982.953049681324
53890,2019-07-16,2003.221800628322
53891,2019-07-16,2023.4905515752907
53892,2019-07-16,2043.7593025223177
53893,2019-07-16,2057.576177496463
53894,2019-07-16,2071.3930524705793
53895,2019-07-16,2085.2099274447246
53896,2019-07-16,2099.02680241887
53897,2019-07-16,2117.0417331419303
53898,2019-07-16,2135.0566638649907
53899,2019-07-16,2153.071594588022
53900,2019-07-16,2171.0865253111115
53901,2019-07-16,2187.0680518249865
53902,2019-07-16,2203.0495783388615
53903,2019-07-16,2219.0311048527365
53904,2019-07-16,2235.0126313665824
53905,2019-07-16,2241.702369507053
53906,2019-07-16,2248.3921076475817
53907,2019-07-16,2255.081845788023
53908,2019-07-16,2261.771583928523
53909,2019-07-16,2252.6600942073565
53910,2019-07-16,2243.548604486161
53911,2019-07-16,2234.4371147650236
53912,2019-07-16,2225.325625043857
53913,2019-07-16,2216.2110774443718
53914,2019-07-16,2207.0965298448573
53915,2019-07-16,2197.981982245343
53916,2019-07-16,2188.8674346458283
53917,2019-07-16,2196.2461086141993
53918,2019-07-16,2203.6247825825412
53919,2019-07-16,2211.0034565509413
53920,2019-07-16,2218.3821305193123
53921,2019-07-16,2215.43629331814
53922,2019-07-16,2212.4904561169387
53923,2019-07-16,2209.5446189157956
53924,2019-07-16,2206.598781714565
53925,2019-07-16,2204.774238661892
53926,2019-07-16,2202.94969560919
53927,2019-07-16,2201.1251525564876
53928,2019-07-16,2199.3006095037854
53929,2019-07-16,2192.6284772887593
53930,2019-07-16,2185.9563450737332
53931,2019-07-16,2179.2842128587363
53932,2019-07-16,2172.6120806437684
53933,2019-07-16,2167.9529070024437
53934,2019-07-16,2163.29373336109
53935,2019-07-16,2158.634559719736
53936,2019-07-16,2153.9753860784112
53937,2019-07-16,2157.6599687817798
53938,2019-07-16,2161.344551485119
53939,2019-07-16,2165.0291341884295
53940,2019-07-16,2168.7137168917398
53941,2019-07-16,2165.935355414258
53942,2019-07-16,2163.1569939367764
53943,2019-07-16,2160.3786324592365
53944,2019-07-16,2157.6002709817258
53945,2019-07-16,2154.6666747546114
53946,2019-07-16,2151.733078527468
53947,2019-07-16,2148.7994823003537
53948,2019-07-16,2145.8658860732394
53949,2019-07-16,2115.7030679943564
53950,2019-07-16,2127.805222779658
53951,2019-07-16,2131.439116979338
53952,2019-07-17,1983.0759281228238
53953,2019-07-17,1983.793677137961
53954,2019-07-17,1984.5114261530398
53955,2019-07-17,1985.2291751681478
53956,2019-07-17,1985.9469241832267
53957,2019-07-17,1980.5681265623716
53958,2019-07-17,1975.1893289415748
53959,2019-07-17,1969.8105313207197
53960,2019-07-17,1964.4317336998938
53961,2019-07-17,1950.5007495195896
53962,2019-07-17,1936.5697653393145
53963,2019-07-17,1922.6387811590103
53964,2019-07-17,1908.7077969787933
53965,2019-07-17,1902.9214443725068
53966,2019-07-17,1897.1350917662785
53967,2019-07-17,1891.348739160021
53968,2019-07-17,1885.5623865537927
53969,2019-07-17,1887.9571511223621
53970,2019-07-17,1890.3519156909024
53971,2019-07-17,1892.7466802594718
53972,2019-07-17,1895.1414448280702
53973,2019-07-17,1895.815969201387
53974,2019-07-17,1896.4904935747618
53975,2019-07-17,1897.1650179480785
53976,2019-07-17,1897.8395423214533
53977,2019-07-17,1886.6245504811232
53978,2019-07-17,1875.409558640793
53979,2019-07-17,1864.1945668004919
53980,2019-07-17,1852.9795749601617
53981,2019-07-17,1848.7276185135997
53982,2019-07-17,1844.4756620670378
53983,2019-07-17,1840.2237056204758
53984,2019-07-17,1835.971749173972
53985,2019-07-17,1835.7402781621786
53986,2019-07-17,1835.5088071504142
53987,2019-07-17,1835.2773361386498
53988,2019-07-17,1835.0458651268564
53989,2019-07-17,1837.9696800748643
53990,2019-07-17,1840.8934950228431
53991,2019-07-17,1843.817309970851
53992,2019-07-17,1846.7411249188008
53993,2019-07-17,1853.2453334517195
53994,2019-07-17,1859.7495419846673
53995,2019-07-17,1866.253750517586
53996,2019-07-17,1872.7579590505047
53997,2019-07-17,1885.9957280887756
53998,2019-07-17,1899.2334971270466
53999,2019-07-17,1912.4712661653175
54000,2019-07-17,1925.7090352036175
54001,2019-07-17,1943.4619160151342
54002,2019-07-17,1961.2147968266509
54003,2019-07-17,1978.9676776381675
54004,2019-07-17,1996.7205584497133
54005,2019-07-17,2016.6997809937166
54006,2019-07-17,2036.6790035376907
54007,2019-07-17,2056.658226081694
54008,2019-07-17,2076.637448625639
54009,2019-07-17,2101.5803932989656
54010,2019-07-17,2126.523337972292
54011,2019-07-17,2151.466282645619
54012,2019-07-17,2176.4092273189453
54013,2019-07-17,2190.0287038298266
54014,2019-07-17,2203.6481803407078
54015,2019-07-17,2217.267656851618
54016,2019-07-17,2230.88713336247
54017,2019-07-17,2233.0053446808597
54018,2019-07-17,2235.123555999249
54019,2019-07-17,2237.2417673175805
54020,2019-07-17,2239.359978635941
54021,2019-07-17,2233.4631420224323
54022,2019-07-17,2227.5663054089528
54023,2019-07-17,2221.669468795473
54024,2019-07-17,2215.7726321819646
54025,2019-07-17,2207.754355218145
54026,2019-07-17,2199.7360782542964
54027,2019-07-17,2191.717801290506
54028,2019-07-17,2183.6995243266865
54029,2019-07-17,2186.265264621703
54030,2019-07-17,2188.8310049167194
54031,2019-07-17,2191.3967452116776
54032,2019-07-17,2193.962485506665
54033,2019-07-17,2192.772318721545
54034,2019-07-17,2191.5821519364254
54035,2019-07-17,2190.3919851512765
54036,2019-07-17,2189.2018183661276
54037,2019-07-17,2184.463278943993
54038,2019-07-17,2179.7247395218583
54039,2019-07-17,2174.9862000996945
54040,2019-07-17,2170.24766067756
54041,2019-07-17,2165.3644526463468
54042,2019-07-17,2160.4812446151336
54043,2019-07-17,2155.5980365839496
54044,2019-07-17,2150.7148285527364
54045,2019-07-17,2197.7975674921763
54046,2019-07-17,2196.16082817642
54047,2019-07-17,2195.6190908326535
54048,2019-07-18,1869.8696169531322
54049,2019-07-18,1861.5326291420788
54050,2019-07-18,1853.1956413310545
54051,2019-07-18,1844.858653519972
54052,2019-07-18,1836.5216657089186
54053,2019-07-18,1811.2286118549819
54054,2019-07-18,1785.9355580010451
54055,2019-07-18,1760.6425041471084
54056,2019-07-18,1735.3494502931717
54057,2019-07-18,1733.5187606256513
54058,2019-07-18,1731.688070958131
54059,2019-07-18,1729.8573812906106
54060,2019-07-18,1728.0266916230903
54061,2019-07-18,1723.1494721791823
54062,2019-07-18,1718.2722527352453
54063,2019-07-18,1713.3950332913373
54064,2019-07-18,1708.5178138474876
54065,2019-07-18,1711.18267232168
54066,2019-07-18,1713.8475307959307
54067,2019-07-18,1716.5123892701522
54068,2019-07-18,1719.1772477443737
54069,2019-07-18,1729.1793688659964
54070,2019-07-18,1739.181489987619
54071,2019-07-18,1749.1836111092416
54072,2019-07-18,1759.1857322308642
54073,2019-07-18,1763.384417875408
54074,2019-07-18,1767.5831035199808
54075,2019-07-18,1771.7817891645245
54076,2019-07-18,1775.9804748090683
54077,2019-07-18,1774.3920196703402
54078,2019-07-18,1772.803564531554
54079,2019-07-18,1771.215109392826
54080,2019-07-18,1769.626654254098
54081,2019-07-18,1769.7261986101512
54082,2019-07-18,1769.8257429661753
54083,2019-07-18,1769.9252873222576
54084,2019-07-18,1770.0248316782818
54085,2019-07-18,1774.9035042723117
54086,2019-07-18,1779.7821768663125
54087,2019-07-18,1784.6608494603133
54088,2019-07-18,1789.5395220543433
54089,2019-07-18,1793.9880323216203
54090,2019-07-18,1798.4365425888973
54091,2019-07-18,1802.8850528561743
54092,2019-07-18,1807.3335631234513
54093,2019-07-18,1807.8389356599073
54094,2019-07-18,1808.344308196305
54095,2019-07-18,1808.8496807327028
54096,2019-07-18,1809.3550532691297
54097,2019-07-18,1823.9955850032275
54098,2019-07-18,1838.636116737296
54099,2019-07-18,1853.2766484713939
54100,2019-07-18,1867.9171802054334
54101,2019-07-18,1894.8425382386486
54102,2019-07-18,1921.7678962718346
54103,2019-07-18,1948.6932543050207
54104,2019-07-18,1975.6186123382358
54105,2019-07-18,1992.8917968275782
54106,2019-07-18,2010.1649813169206
54107,2019-07-18,2027.438165806263
54108,2019-07-18,2044.7113502955763
54109,2019-07-18,2053.7105568549014
54110,2019-07-18,2062.7097634142556
54111,2019-07-18,2071.7089699735807
54112,2019-07-18,2080.708176532906
54113,2019-07-18,2084.5075198810373
54114,2019-07-18,2088.306863229169
54115,2019-07-18,2092.1062065773003
54116,2019-07-18,2095.9055499254027
54117,2019-07-18,2095.2576996914577
54118,2019-07-18,2094.6098494575417
54119,2019-07-18,2093.9619992235966
54120,2019-07-18,2093.3141489896225
54121,2019-07-18,2094.060990967846
54122,2019-07-18,2094.8078329460404
54123,2019-07-18,2095.554674924264
54124,2019-07-18,2096.3015169025166
54125,2019-07-18,2090.4875509195263
54126,2019-07-18,2084.673584936536
54127,2019-07-18,2078.8596189535456
54128,2019-07-18,2073.0456529705552
54129,2019-07-18,2068.5472299902176
54130,2019-07-18,2064.04880700988
54131,2019-07-18,2059.550384029513
54132,2019-07-18,2055.0519610491465
54133,2019-07-18,2050.9310858232784
54134,2019-07-18,2046.8102105974103
54135,2019-07-18,2042.6893353715423
54136,2019-07-18,2038.568460145645
54137,2019-07-18,2029.3690312435501
54138,2019-07-18,2020.169602341426
54139,2019-07-18,2010.970173439302
54140,2019-07-18,2001.7707445371489
54141,2019-07-18,2085.1474943310604
54142,2019-07-18,2084.243324380135
54143,2019-07-18,2082.2867529149516
63744,2019-10-27,977.1845654040517
63745,2019-10-27,973.4377742397191
63746,2019-10-27,969.6909830754157
63747,2019-10-27,965.9441919110832
63748,2019-10-27,962.1974007467506
63749,2019-10-27,959.3137288505095
63750,2019-10-27,956.430056954181
63751,2019-10-27,953.5463850578526
63752,2019-10-27,950.6627131615533
63753,2019-10-27,952.8385477854463
63754,2019-10-27,955.0143824093684
63755,2019-10-27,957.1902170332614
63756,2019-10-27,959.3660516571545
63757,2019-10-27,962.5230860279698
63758,2019-10-27,965.6801203987852
63759,2019-10-27,968.8371547696297
63760,2019-10-27,971.9941891404451
63761,2019-10-27,969.3729779346904
63762,2019-10-27,966.7517667289649
63763,2019-10-27,964.1305555232102
63764,2019-10-27,961.5093443174846
63765,2019-10-27,958.5024237414764
63766,2019-10-27,955.4955031654681
63767,2019-10-27,952.4885825894889
63768,2019-10-27,949.4816620134225
63769,2019-10-27,950.6681836427888
63770,2019-10-27,951.854705272126
63771,2019-10-27,953.0412269014341
63772,2019-10-27,954.2277485307422
63773,2019-10-27,956.3865399927017
63774,2019-10-27,958.5453314546612
63775,2019-10-27,960.7041229166207
63776,2019-10-27,962.8629143785802
63777,2019-10-27,977.989454870054
63778,2019-10-27,993.1159953615279
63779,2019-10-27,1008.24253585306
63780,2019-10-27,1023.3690763445338
63781,2019-10-27,1040.9643142629066
63782,2019-10-27,1058.5595521812793
63783,2019-10-27,1076.154790099623
63784,2019-10-27,1093.7500280180248
63785,2019-10-27,1107.0022854089038
63786,2019-10-27,1120.254542799783
63787,2019-10-27,1133.5068001906038
63788,2019-10-27,1146.759057581483
63789,2019-10-27,1164.7988354149566
63790,2019-10-27,1182.8386132484593
63791,2019-10-27,1200.878391081962
63792,2019-10-27,1218.9181689154066
63793,2019-10-27,1230.350553602213
63794,2019-10-27,1241.7829382889904
63795,2019-10-27,1253.2153229757969
63796,2019-10-27,1264.6477076625742
63797,2019-10-27,1273.1585590979666
63798,2019-10-27,1281.669410533359
63799,2019-10-27,1290.1802619687223
63800,2019-10-27,1298.6911134041147
63801,2019-10-27,1303.3440956463455
63802,2019-10-27,1307.997077888518
63803,2019-10-27,1312.6500601307198
63804,2019-10-27,1317.3030423728924
63805,2019-10-27,1316.0750095129188
63806,2019-10-27,1314.8469766529452
63807,2019-10-27,1313.6189437929424
63808,2019-10-27,1312.3909109329397
63809,2019-10-27,1306.731673592847
63810,2019-10-27,1301.0724362528126
63811,2019-10-27,1295.413198912749
63812,2019-10-27,1289.7539615726564
63813,2019-10-27,1280.2276612931455
63814,2019-10-27,1270.7013610136055
63815,2019-10-27,1261.1750607340946
63816,2019-10-27,1251.6487604545837
63817,2019-10-27,1245.6307301197667
63818,2019-10-27,1239.6126997849206
63819,2019-10-27,1233.5946694501035
63820,2019-10-27,1227.5766391152574
63821,2019-10-27,1225.4613206722715
63822,2019-10-27,1223.3460022293148
63823,2019-10-27,1221.2306837863289
63824,2019-10-27,1219.115365343343
63825,2019-10-27,1218.2227836441016
63826,2019-10-27,1217.330201944831
63827,2019-10-27,1216.4376202455896
63828,2019-10-27,1215.5450385463191
63829,2019-10-27,1214.1808680153335
63830,2019-10-27,1212.816697484348
63831,2019-10-27,1211.4525269533624
63832,2019-10-27,1210.0883564223768
63833,2019-10-27,1206.3606574867736
63834,2019-10-27,1202.6329585511412
63835,2019-10-27,1198.905259615538
63836,2019-10-27,1195.1775606799056
63837,2019-10-27,1174.735680735932
63838,2019-10-27,1175.5223175645224
63839,2019-10-27,1170.8162421867892
69984,2019-12-31,1271.3725130547537
69985,2019-12-31,1272.8235098921577
69986,2019-12-31,1274.2745067295618
69987,2019-12-31,1275.725503566995
69988,2019-12-31,1277.1765004043991
69989,2019-12-31,1278.514190620277
69990,2019-12-31,1279.851880836126
69991,2019-12-31,1281.1895710519748
69992,2019-12-31,1282.5272612678236
69993,2019-12-31,1284.3765950335073
69994,2019-12-31,1286.225928799191
69995,2019-12-31,1288.0752625648456
69996,2019-12-31,1289.9245963305293
69997,2019-12-31,1290.2453175976989
69998,2019-12-31,1290.5660388648976
69999,2019-12-31,1290.8867601320671
70000,2019-12-31,1291.2074813992367
70001,2019-12-31,1290.54807618403
70002,2019-12-31,1289.8886709688522
70003,2019-12-31,1289.2292657537037
70004,2019-12-31,1288.5698605384969
70005,2019-12-31,1288.7798409198876
70006,2019-12-31,1288.9898213012493
70007,2019-12-31,1289.19980168264
70008,2019-12-31,1289.4097820640309
70009,2019-12-31,1285.3613175624923
70010,2019-12-31,1281.3128530609247
70011,2019-12-31,1277.2643885593861
70012,2019-12-31,1273.2159240578185
70013,2019-12-31,1270.6772486180416
70014,2019-12-31,1268.1385731782357
70015,2019-12-31,1265.599897738488
70016,2019-12-31,1263.0612222986529
70017,2019-12-31,1270.6094033311529
70018,2019-12-31,1278.1575843636529
70019,2019-12-31,1285.7057653961529
70020,2019-12-31,1293.2539464285946
70021,2019-12-31,1312.6373121954384
70022,2019-12-31,1332.0206779622822
70023,2019-12-31,1351.4040437290969
70024,2019-12-31,1370.7874094959698
70025,2019-12-31,1395.035971880192
70026,2019-12-31,1419.284534264414
70027,2019-12-31,1443.5330966486654
70028,2019-12-31,1467.7816590329167
70029,2019-12-31,1487.0425600049493
70030,2019-12-31,1506.303460976953
70031,2019-12-31,1525.5643619489274
70032,2019-12-31,1544.825262920931
70033,2019-12-31,1558.6126030274318
70034,2019-12-31,1572.3999431338743
70035,2019-12-31,1586.187283240346
70036,2019-12-31,1599.9746233467595
70037,2019-12-31,1605.9049094080692
70038,2019-12-31,1611.835195469379
70039,2019-12-31,1617.7654815306887
70040,2019-12-31,1623.6957675919693
70041,2019-12-31,1626.1902491437504
70042,2019-12-31,1628.6847306955606
70043,2019-12-31,1631.1792122473416
70044,2019-12-31,1633.6736937991227
70045,2019-12-31,1634.6923044088471
70046,2019-12-31,1635.7109150186006
70047,2019-12-31,1636.7295256283833
70048,2019-12-31,1637.7481362381368
70049,2019-12-31,1633.78218172997
70050,2019-12-31,1629.8162272218033
70051,2019-12-31,1625.8502727136365
70052,2019-12-31,1621.8843182054698
70053,2019-12-31,1617.4897652353684
70054,2019-12-31,1613.095212265238
70055,2019-12-31,1608.7006592951075
70056,2019-12-31,1604.306106325006
70057,2019-12-31,1600.245197137061
70058,2019-12-31,1596.1842879490578
70059,2019-12-31,1592.1233787610836
70060,2019-12-31,1588.0624695731094
70061,2019-12-31,1582.774166108633
70062,2019-12-31,1577.4858626441273
70063,2019-12-31,1572.1975591796509
70064,2019-12-31,1566.9092557151744
70065,2019-12-31,1562.9198164494883
70066,2019-12-31,1558.930377183773
70067,2019-12-31,1554.940937918087
70068,2019-12-31,1550.9514986523718
70069,2019-12-31,1548.0418678876886
70070,2019-12-31,1545.1322371230053
70071,2019-12-31,1542.222606358322
70072,2019-12-31,1539.3129755936388
70073,2019-12-31,1536.2879397189827
70074,2019-12-31,1533.2629038443265
70075,2019-12-31,1530.2378679696994
70076,2019-12-31,1527.2128320950142
70077,2019-12-31,1493.7055560495355
70078,2019-12-31,1491.1743230861612
70079,2019-12-31,1488.650759592274
70080,2020-01-01,832.2395707806572
70081,2020-01-01,830.5623485184042
70082,2020-01-01,828.885126256122
70083,2020-01-01,827.207903993869
70084,2020-01-01,825.5306817316159
70085,2020-01-01,823.9484490496106
70086,2020-01-01,822.3662163676345
70087,2020-01-01,820.7839836856292
70088,2020-01-01,819.2017510036821
70089,2020-01-01,819.2262936248444
70090,2020-01-01,819.2508362460358
70091,2020-01-01,819.275378867198
70092,2020-01-01,819.2999214883894
70093,2020-01-01,819.3755674556596
70094,2020-01-01,819.4512134229299
70095,2020-01-01,819.5268593902292
70096,2020-01-01,819.6025053574995
70097,2020-01-01,821.2501489064598
70098,2020-01-01,822.897792455391
70099,2020-01-01,824.5454360043514
70100,2020-01-01,826.1930795533117
70101,2020-01-01,828.7871980049531
70102,2020-01-01,831.3813164565945
70103,2020-01-01,833.9754349082359
70104,2020-01-01,836.5695533598191
70105,2020-01-01,833.0142700645083
70106,2020-01-01,829.4589867691393
70107,2020-01-01,825.9037034737994
70108,2020-01-01,822.3484201784304
70109,2020-01-01,822.6242308452202
70110,2020-01-01,822.900041512039
70111,2020-01-01,823.1758521787997
70112,2020-01-01,823.4516628455895
70113,2020-01-01,836.5656306580058
70114,2020-01-01,849.6795984704222
70115,2020-01-01,862.7935662827804
70116,2020-01-01,875.9075340951968
70117,2020-01-01,899.8098912968126
70118,2020-01-01,923.7122484984575
70119,2020-01-01,947.6146057001315
70120,2020-01-01,971.5169629017764
70121,2020-01-01,995.0070462955337
70122,2020-01-01,1018.4971296892909
70123,2020-01-01,1041.9872130830481
70124,2020-01-01,1065.4772964768636
70125,2020-01-01,1079.9148059509462
70126,2020-01-01,1094.352315425058
70127,2020-01-01,1108.7898248991405
70128,2020-01-01,1123.2273343732231
70129,2020-01-01,1135.2126983898925
70130,2020-01-01,1147.1980624065327
70131,2020-01-01,1159.183426423173
70132,2020-01-01,1171.168790439784
70133,2020-01-01,1173.9400028077362
70134,2020-01-01,1176.7112151756592
70135,2020-01-01,1179.4824275436113
70136,2020-01-01,1182.2536399115052
70137,2020-01-01,1181.3407287722803
70138,2020-01-01,1180.4278176329972
70139,2020-01-01,1179.514906493714
70140,2020-01-01,1178.601995354431
70141,2020-01-01,1176.854612576979
70142,2020-01-01,1175.1072297996143
70143,2020-01-01,1173.3598470221914
70144,2020-01-01,1171.6124642447394
70145,2020-01-01,1165.4372084213537
70146,2020-01-01,1159.261952597939
70147,2020-01-01,1153.0866967745533
70148,2020-01-01,1146.9114409511385
70149,2020-01-01,1142.288754502224
70150,2020-01-01,1137.6660680533096
70151,2020-01-01,1133.043381604395
70152,2020-01-01,1128.4206951554515
70153,2020-01-01,1123.1386354841234
70154,2020-01-01,1117.8565758128534
70155,2020-01-01,1112.5745161415252
70156,2020-01-01,1107.292456470197
70157,2020-01-01,1100.5642125917075
70158,2020-01-01,1093.8359687131888
70159,2020-01-01,1087.1077248346992
70160,2020-01-01,1080.3794809561805
70161,2020-01-01,1075.2618405987741
70162,2020-01-01,1070.144200241397
70163,2020-01-01,1065.0265598840197
70164,2020-01-01,1059.9089195266133
70165,2020-01-01,1057.5503607587598
70166,2020-01-01,1055.1918019908771
70167,2020-01-01,1052.8332432229654
70168,2020-01-01,1050.4746844550828
70169,2020-01-01,1048.2014925390831
70170,2020-01-01,1045.9283006230253
70171,2020-01-01,1043.6551087069965
70172,2020-01-01,1041.381916790997
70173,2020-01-01,1027.8542040394968
70174,2020-01-01,1023.768744674715
70175,2020-01-01,1015.4965796139732
77856,2020-03-22,1148.291225009947
77857,2020-03-22,1142.5113988308585
77858,2020-03-22,1136.7315726517409
77859,2020-03-22,1130.9517464726232
77860,2020-03-22,1125.1719202935055
77861,2020-03-22,1120.2016522632912
77862,2020-03-22,1115.231384233135
77863,2020-03-22,1110.2611162029207
77864,2020-03-22,1105.2908481727645
77865,2020-03-22,1101.5869799003412
77866,2020-03-22,1097.8831116278889
77867,2020-03-22,1094.1792433554947
77868,2020-03-22,1090.4753750831005
77869,2020-03-22,1092.292893151316
77870,2020-03-22,1094.1104112195026
77871,2020-03-22,1095.9279292877181
77872,2020-03-22,1097.7454473559628
77873,2020-03-22,1101.8498115728144
77874,2020-03-22,1105.954175789695
77875,2020-03-22,1110.0585400065465
77876,2020-03-22,1114.1629042234272
77877,2020-03-22,1117.705928667623
77878,2020-03-22,1121.248953111819
77879,2020-03-22,1124.791977556044
77880,2020-03-22,1128.33500200024
77881,2020-03-22,1135.0723882172606
77882,2020-03-22,1141.8097744342813
77883,2020-03-22,1148.547160651302
77884,2020-03-22,1155.2845468683518
77885,2020-03-22,1162.721632919507
77886,2020-03-22,1170.1587189706333
77887,2020-03-22,1177.5958050217305
77888,2020-03-22,1185.0328910728858
77889,2020-03-22,1196.5758744400227
77890,2020-03-22,1208.118857807247
77891,2020-03-22,1219.661841174413
77892,2020-03-22,1231.204824541579
77893,2020-03-22,1246.301093281596
77894,2020-03-22,1261.3973620216711
77895,2020-03-22,1276.493630761688
77896,2020-03-22,1291.5898995017342
77897,2020-03-22,1303.4723281663319
77898,2020-03-22,1315.3547568309586
77899,2020-03-22,1327.2371854955563
77900,2020-03-22,1339.1196141601831
77901,2020-03-22,1346.7981983008794
77902,2020-03-22,1354.4767824415467
77903,2020-03-22,1362.155366582272
77904,2020-03-22,1369.8339507229684
77905,2020-03-22,1379.457995725883
77906,2020-03-22,1389.0820407287392
77907,2020-03-22,1398.7060857316537
77908,2020-03-22,1408.3301307345391
77909,2020-03-22,1416.708861394378
77910,2020-03-22,1425.0875920541584
77911,2020-03-22,1433.4663227139972
77912,2020-03-22,1441.8450533738069
77913,2020-03-22,1447.345598040236
77914,2020-03-22,1452.846142706694
77915,2020-03-22,1458.3466873731231
77916,2020-03-22,1463.8472320395813
77917,2020-03-22,1465.5648337897728
77918,2020-03-22,1467.2824355399935
77919,2020-03-22,1469.000037290214
77920,2020-03-22,1470.7176390404056
77921,2020-03-22,1471.405666745035
77922,2020-03-22,1472.0936944497225
77923,2020-03-22,1472.7817221543519
77924,2020-03-22,1473.4697498589812
77925,2020-03-22,1470.8878773075994
77926,2020-03-22,1468.3060047561885
77927,2020-03-22,1465.7241322047776
77928,2020-03-22,1463.1422596533666
77929,2020-03-22,1458.7310410212667
77930,2020-03-22,1454.3198223891377
77931,2020-03-22,1449.9086037570087
77932,2020-03-22,1445.4973851248797
77933,2020-03-22,1442.346915781818
77934,2020-03-22,1439.1964464387856
77935,2020-03-22,1436.045977095724
77936,2020-03-22,1432.8955077526916
77937,2020-03-22,1428.1039379505673
77938,2020-03-22,1423.312368148414
77939,2020-03-22,1418.5207983462897
77940,2020-03-22,1413.7292285441945
77941,2020-03-22,1409.0994823798828
77942,2020-03-22,1404.4697362156003
77943,2020-03-22,1399.8399900513177
77944,2020-03-22,1395.210243887006
77945,2020-03-22,1389.3803030095878
77946,2020-03-22,1383.5503621321986
77947,2020-03-22,1377.7204212547804
77948,2020-03-22,1371.890480377333
77949,2020-03-22,1331.143600587704
77950,2020-03-22,1325.2424382570025
77951,2020-03-22,1321.1382875900308
96768,2020-10-05,1007.0725943595462
96769,2020-10-05,1005.7668603263155
96770,2020-10-05,1004.4611262931139
96771,2020-10-05,1003.1553922599414
96772,2020-10-05,1001.8496582267107
96773,2020-10-05,1000.4132959985291
96774,2020-10-05,998.9769337704056
96775,2020-10-05,997.5405715422239
96776,2020-10-05,996.1042093140713
96777,2020-10-05,993.0629151446046
96778,2020-10-05,990.0216209750797
96779,2020-10-05,986.9803268055548
96780,2020-10-05,983.939032636059
96781,2020-10-05,983.7134054294147
96782,2020-10-05,983.4877782228577
96783,2020-10-05,983.2621510162426
96784,2020-10-05,983.0365238095983
96785,2020-10-05,985.1718046158203
96786,2020-10-05,987.3070854220132
96787,2020-10-05,989.4423662282352
96788,2020-10-05,991.5776470344281
96789,2020-10-05,993.6908446826856
96790,2020-10-05,995.8040423309722
96791,2020-10-05,997.9172399792296
96792,2020-10-05,1000.0304376275162
96793,2020-10-05,1005.0975228229363
96794,2020-10-05,1010.1646080183855
96795,2020-10-05,1015.2316932138056
96796,2020-10-05,1020.2987784091965
96797,2020-10-05,1028.836938410037
96798,2020-10-05,1037.3750984108774
96799,2020-10-05,1045.9132584117178
96800,2020-10-05,1054.4514184125292
96801,2020-10-05,1067.2453505826415
96802,2020-10-05,1080.039282752754
96803,2020-10-05,1092.8332149228663
96804,2020-10-05,1105.6271470929496
96805,2020-10-05,1123.8780816314684
96806,2020-10-05,1142.1290161700454
96807,2020-10-05,1160.3799507085641
96808,2020-10-05,1178.630885247112
96809,2020-10-05,1194.656155515724
96810,2020-10-05,1210.681425784278
96811,2020-10-05,1226.706696052861
96812,2020-10-05,1242.7319663214148
96813,2020-10-05,1253.4144060816616
96814,2020-10-05,1264.0968458419375
96815,2020-10-05,1274.7792856021842
96816,2020-10-05,1285.461725362431
96817,2020-10-05,1291.1028477227956
96818,2020-10-05,1296.74397008316
96819,2020-10-05,1302.3850924435246
96820,2020-10-05,1308.0262148038892
96821,2020-10-05,1309.2183717898442
96822,2020-10-05,1310.4105287757702
96823,2020-10-05,1311.602685761667
96824,2020-10-05,1312.794842747593
96825,2020-10-05,1313.9758339020482
96826,2020-10-05,1315.1568250564742
96827,2020-10-05,1316.3378162109002
96828,2020-10-05,1317.5188073653262
96829,2020-10-05,1318.7753953523643
96830,2020-10-05,1320.0319833394024
96831,2020-10-05,1321.2885713264113
96832,2020-10-05,1322.5451593134203
96833,2020-10-05,1323.0921330493584
96834,2020-10-05,1323.6391067852965
96835,2020-10-05,1324.1860805212636
96836,2020-10-05,1324.7330542572017
96837,2020-10-05,1321.5670980327704
96838,2020-10-05,1318.4011418083392
96839,2020-10-05,1315.2351855838788
96840,2020-10-05,1312.0692293594184
96841,2020-10-05,1305.2250314461708
96842,2020-10-05,1298.3808335329231
96843,2020-10-05,1291.5366356196464
96844,2020-10-05,1284.6924377063988
96845,2020-10-05,1275.5795145358134
96846,2020-10-05,1266.4665913652861
96847,2020-10-05,1257.353668194759
96848,2020-10-05,1248.2407450242026
96849,2020-10-05,1242.5887818258489
96850,2020-10-05,1236.9368186275242
96851,2020-10-05,1231.2848554292286
96852,2020-10-05,1225.6328922308749
96853,2020-10-05,1224.7958949781314
96854,2020-10-05,1223.958897725417
96855,2020-10-05,1223.1219004726736
96856,2020-10-05,1222.2849032199592
96857,2020-10-05,1222.3904723216547
96858,2020-10-05,1222.49604142335
96859,2020-10-05,1222.6016105249873
96860,2020-10-05,1222.7071796266828
96861,2020-10-05,1174.0238035281072
96862,2020-10-05,1168.6913506155252
96863,2020-10-05,1161.55349998764
96864,2020-10-06,990.1837092097267
96865,2020-10-06,986.964063732099
96866,2020-10-06,983.7444182544423
96867,2020-10-06,980.5247727768146
96868,2020-10-06,977.3051272991288
96869,2020-10-06,973.546430500428
96870,2020-10-06,969.7877337017271
96871,2020-10-06,966.0290369029972
96872,2020-10-06,962.2703401042672
96873,2020-10-06,958.5556231421651
96874,2020-10-06,954.8409061800048
96875,2020-10-06,951.1261892178736
96876,2020-10-06,947.4114722557133
96877,2020-10-06,943.5145738268911
96878,2020-10-06,939.6176753980981
96879,2020-10-06,935.7207769692759
96880,2020-10-06,931.8238785404537
96881,2020-10-06,932.135316907923
96882,2020-10-06,932.4467552754504
96883,2020-10-06,932.7581936429779
96884,2020-10-06,933.0696320104762
96885,2020-10-06,934.7207196529489
96886,2020-10-06,936.3718072953925
96887,2020-10-06,938.0228949378361
96888,2020-10-06,939.6739825803379
96889,2020-10-06,940.2469675806933
96890,2020-10-06,940.8199525810778
96891,2020-10-06,941.3929375814332
96892,2020-10-06,941.9659225817595
96893,2020-10-06,951.0063184140017
96894,2020-10-06,960.0467142462439
96895,2020-10-06,969.087110078457
96896,2020-10-06,978.1275059106993
96897,2020-10-06,997.2691925696854
96898,2020-10-06,1016.4108792286715
96899,2020-10-06,1035.5525658876577
96900,2020-10-06,1054.694252546673
96901,2020-10-06,1075.0858057810983
96902,2020-10-06,1095.4773590155528
96903,2020-10-06,1115.8689122499782
96904,2020-10-06,1136.2604654843744
96905,2020-10-06,1151.3884799269726
96906,2020-10-06,1166.5164943695127
96907,2020-10-06,1181.6445088120818
96908,2020-10-06,1196.7725232545927
96909,2020-10-06,1206.620300433191
96910,2020-10-06,1216.4680776117893
96911,2020-10-06,1226.3158547903877
96912,2020-10-06,1236.1636319689278
96913,2020-10-06,1242.7371630439302
96914,2020-10-06,1249.3106941189035
96915,2020-10-06,1255.884225193935
96916,2020-10-06,1262.4577562689083
96917,2020-10-06,1266.1068354444287
96918,2020-10-06,1269.7559146199492
96919,2020-10-06,1273.4049937954696
96920,2020-10-06,1277.0540729710192
96921,2020-10-06,1279.2287818347977
96922,2020-10-06,1281.4034906985762
96923,2020-10-06,1283.5781995623547
96924,2020-10-06,1285.7529084261332
96925,2020-10-06,1287.9017615525227
96926,2020-10-06,1290.050614678912
96927,2020-10-06,1292.1994678053015
96928,2020-10-06,1294.348320931691
96929,2020-10-06,1292.3953421920596
96930,2020-10-06,1290.4423634524574
96931,2020-10-06,1288.489384712855
96932,2020-10-06,1286.5364059732528
96933,2020-10-06,1280.0149361076183
96934,2020-10-06,1273.4934662419255
96935,2020-10-06,1266.971996376291
96936,2020-10-06,1260.4505265106563
96937,2020-10-06,1251.4988320925622
96938,2020-10-06,1242.547137674468
96939,2020-10-06,1233.595443256374
96940,2020-10-06,1224.643748838309
96941,2020-10-06,1216.0034164591925
96942,2020-10-06,1207.3630840801343
96943,2020-10-06,1198.7227517010178
96944,2020-10-06,1190.0824193219305
96945,2020-10-06,1182.6935647789214
96946,2020-10-06,1175.3047102358832
96947,2020-10-06,1167.9158556928742
96948,2020-10-06,1160.527001149836
96949,2020-10-06,1158.332139953971
96950,2020-10-06,1156.1372787580767
96951,2020-10-06,1153.9424175621825
96952,2020-10-06,1151.7475563663174
96953,2020-10-06,1151.2147064047167
96954,2020-10-06,1150.681856443116
96955,2020-10-06,1150.1490064815152
96956,2020-10-06,1149.6161565199145
96957,2020-10-06,1126.6050941000867
96958,2020-10-06,1118.083136847039
96959,2020-10-06,1103.3972096210928
96960,2020-10-07,940.9169038487307
96961,2020-10-07,937.5129265799769
96962,2020-10-07,934.1089493112231
96963,2020-10-07,930.7049720424984
96964,2020-10-07,927.3009947737446
96965,2020-10-07,924.8950614366913
96966,2020-10-07,922.4891280996671
96967,2020-10-07,920.083194762643
96968,2020-10-07,917.6772614255897
96969,2020-10-07,915.5219774465077
96970,2020-10-07,913.3666934674548
96971,2020-10-07,911.2114094883436
96972,2020-10-07,909.0561255092616
96973,2020-10-07,906.477327097964
96974,2020-10-07,903.8985286866955
96975,2020-10-07,901.319730275427
96976,2020-10-07,898.7409318641294
96977,2020-10-07,899.568695409369
96978,2020-10-07,900.3964589546376
96979,2020-10-07,901.2242224999063
96980,2020-10-07,902.0519860451459
96981,2020-10-07,904.5197125557752
96982,2020-10-07,906.9874390663754
96983,2020-10-07,909.4551655769756
96984,2020-10-07,911.9228920876049
96985,2020-10-07,914.9039759629813
96986,2020-10-07,917.8850598382996
96987,2020-10-07,920.866143713647
96988,2020-10-07,923.8472275890235
96989,2020-10-07,933.1599399423867
96990,2020-10-07,942.4726522958081
96991,2020-10-07,951.7853646492295
96992,2020-10-07,961.0980770025926
96993,2020-10-07,978.7602692454238
96994,2020-10-07,996.4224614882551
96995,2020-10-07,1014.0846537311154
96996,2020-10-07,1031.7468459739466
96997,2020-10-07,1053.3239156621858
96998,2020-10-07,1074.9009853503958
96999,2020-10-07,1096.478055038635
97000,2020-10-07,1118.055124726874
97001,2020-10-07,1134.157871128671
97002,2020-10-07,1150.26061753041
97003,2020-10-07,1166.363363932178
97004,2020-10-07,1182.4661103339458
97005,2020-10-07,1191.3780471139762
97006,2020-10-07,1200.2899838940066
97007,2020-10-07,1209.201920674066
97008,2020-10-07,1218.1138574540673
97009,2020-10-07,1227.3201905647002
97010,2020-10-07,1236.526523675304
97011,2020-10-07,1245.7328567859659
97012,2020-10-07,1254.9391898965987
97013,2020-10-07,1259.897779768071
97014,2020-10-07,1264.856369639514
97015,2020-10-07,1269.8149595109862
97016,2020-10-07,1274.7735493824584
97017,2020-10-07,1275.9000173081295
97018,2020-10-07,1277.0264852338005
97019,2020-10-07,1278.1529531594715
97020,2020-10-07,1279.2794210851425
97021,2020-10-07,1281.0987802919117
97022,2020-10-07,1282.9181394986517
97023,2020-10-07,1284.7374987053627
97024,2020-10-07,1286.5568579121027
97025,2020-10-07,1285.3986640752119
97026,2020-10-07,1284.240470238292
97027,2020-10-07,1283.082276401372
97028,2020-10-07,1281.9240825645102
97029,2020-10-07,1275.9537004554295
97030,2020-10-07,1269.983318346378
97031,2020-10-07,1264.0129362372973
97032,2020-10-07,1258.0425541282748
97033,2020-10-07,1251.065997197613
97034,2020-10-07,1244.08944026698
97035,2020-10-07,1237.1128833363182
97036,2020-10-07,1230.1363264056854
97037,2020-10-07,1221.5354104490252
97038,2020-10-07,1212.9344944924233
97039,2020-10-07,1204.3335785357922
97040,2020-10-07,1195.7326625791902
97041,2020-10-07,1191.1327770971402
97042,2020-10-07,1186.5328916151484
97043,2020-10-07,1181.9330061331275
97044,2020-10-07,1177.3331206510775
97045,2020-10-07,1174.3961683650268
97046,2020-10-07,1171.459216078947
97047,2020-10-07,1168.5222637928964
97048,2020-10-07,1165.5853115068167
97049,2020-10-07,1161.7588930707425
97050,2020-10-07,1157.9324746347265
97051,2020-10-07,1154.1060561986815
97052,2020-10-07,1150.2796377626364
97053,2020-10-07,1232.0540293880913
97054,2020-10-07,1230.7582393138437
97055,2020-10-07,1226.6836048447003
103392,2020-12-13,1342.845911964745
103393,2020-12-13,1343.6104710500513
103394,2020-12-13,1344.3750301352993
103395,2020-12-13,1345.1395892205474
103396,2020-12-13,1345.9041483058245
103397,2020-12-13,1348.418442310969
103398,2020-12-13,1350.9327363161428
103399,2020-12-13,1353.4470303212584
103400,2020-12-13,1355.9613243264612
103401,2020-12-13,1357.6699482203112
103402,2020-12-13,1359.378572114132
103403,2020-12-13,1361.0871960079821
103404,2020-12-13,1362.7958199018321
103405,2020-12-13,1364.0828188190935
103406,2020-12-13,1365.3698177362967
103407,2020-12-13,1366.656816653558
103408,2020-12-13,1367.9438155708194
103409,2020-12-13,1368.6344391437888
103410,2020-12-13,1369.3250627168163
103411,2020-12-13,1370.0156862898148
103412,2020-12-13,1370.7063098628132
103413,2020-12-13,1369.336524882703
103414,2020-12-13,1367.966739902593
103415,2020-12-13,1366.596954922541
103416,2020-12-13,1365.22716994246
103417,2020-12-13,1361.7093073848519
103418,2020-12-13,1358.1914448272146
103419,2020-12-13,1354.6735822696064
103420,2020-12-13,1351.1557197119691
103421,2020-12-13,1351.861232618132
103422,2020-12-13,1352.5667455242656
103423,2020-12-13,1353.2722584304283
103424,2020-12-13,1353.977771336591
103425,2020-12-13,1363.5384807038354
103426,2020-12-13,1373.099190071167
103427,2020-12-13,1382.6598994384694
103428,2020-12-13,1392.220608805772
103429,2020-12-13,1409.5768374863255
103430,2020-12-13,1426.9330661668791
103431,2020-12-13,1444.2892948474328
103432,2020-12-13,1461.6455235279864
103433,2020-12-13,1477.524544565007
103434,2020-12-13,1493.4035656020278
103435,2020-12-13,1509.2825866390485
103436,2020-12-13,1525.1616076760693
103437,2020-12-13,1538.5200531879673
103438,2020-12-13,1551.8784986998362
103439,2020-12-13,1565.236944211676
103440,2020-12-13,1578.595389723574
103441,2020-12-13,1589.7594872228801
103442,2020-12-13,1600.9235847221862
103443,2020-12-13,1612.0876822214632
103444,2020-12-13,1623.2517797207402
103445,2020-12-13,1629.9447181470168
103446,2020-12-13,1636.6376565732353
103447,2020-12-13,1643.3305949994829
103448,2020-12-13,1650.0235334257304
103449,2020-12-13,1653.8174419455754
103450,2020-12-13,1657.6113504653913
103451,2020-12-13,1661.4052589852072
103452,2020-12-13,1665.199167505023
103453,2020-12-13,1664.8951856974745
103454,2020-12-13,1664.591203889926
103455,2020-12-13,1664.2872220823483
103456,2020-12-13,1663.9832402747998
103457,2020-12-13,1656.7753001464007
103458,2020-12-13,1649.5673600179434
103459,2020-12-13,1642.3594198895444
103460,2020-12-13,1635.1514797611162
103461,2020-12-13,1626.6525031110796
103462,2020-12-13,1618.153526461043
103463,2020-12-13,1609.6545498110354
103464,2020-12-13,1601.1555731609988
103465,2020-12-13,1596.6123590881762
103466,2020-12-13,1592.0691450152954
103467,2020-12-13,1587.5259309424437
103468,2020-12-13,1582.982716869621
103469,2020-12-13,1577.8027351509954
103470,2020-12-13,1572.6227534323698
103471,2020-12-13,1567.442771713715
103472,2020-12-13,1562.2627899951185
103473,2020-12-13,1557.6409124181373
103474,2020-12-13,1553.019034841127
103475,2020-12-13,1548.397157264175
103476,2020-12-13,1543.7752796871937
103477,2020-12-13,1539.9682738927659
103478,2020-12-13,1536.161268098338
103479,2020-12-13,1532.3542623039102
103480,2020-12-13,1528.5472565094824
103481,2020-12-13,1523.350533458928
103482,2020-12-13,1518.1538104083447
103483,2020-12-13,1512.9570873577322
103484,2020-12-13,1507.7603643071197
103485,2020-12-13,1485.473458009219
103486,2020-12-13,1483.71596442163
103487,2020-12-13,1480.4865518248116
103488,2020-12-14,1322.9926572795957
103489,2020-12-14,1323.9503313581226
103490,2020-12-14,1324.9080054366495
103491,2020-12-14,1325.8656795152056
103492,2020-12-14,1326.8233535937034
103493,2020-12-14,1328.5351312449784
103494,2020-12-14,1330.2469088962243
103495,2020-12-14,1331.9586865474703
103496,2020-12-14,1333.6704641988035
103497,2020-12-14,1333.2669003699266
103498,2020-12-14,1332.8633365410496
103499,2020-12-14,1332.459772712231
103500,2020-12-14,1332.056208883383
103501,2020-12-14,1330.2066260258725
103502,2020-12-14,1328.357043168391
103503,2020-12-14,1326.5074603108806
103504,2020-12-14,1324.65787745337
103505,2020-12-14,1316.8310426313255
103506,2020-12-14,1309.004207809281
103507,2020-12-14,1301.1773729872657
103508,2020-12-14,1293.3505381651921
103509,2020-12-14,1288.2096131765866
103510,2020-12-14,1283.068688187952
103511,2020-12-14,1277.9277631992882
103512,2020-12-14,1272.7868382107117
103513,2020-12-14,1275.1242095188645
103514,2020-12-14,1277.461580826959
103515,2020-12-14,1279.798952135112
103516,2020-12-14,1282.1363234432065
103517,2020-12-14,1282.306651289633
103518,2020-12-14,1282.4769791360013
103519,2020-12-14,1282.6473069823987
103520,2020-12-14,1282.817634828767
103521,2020-12-14,1294.741312630882
103522,2020-12-14,1306.6649904330552
103523,2020-12-14,1318.588668235141
103524,2020-12-14,1330.5123460372852
103525,2020-12-14,1350.5600630611589
103526,2020-12-14,1370.6077800850617
103527,2020-12-14,1390.6554971089645
103528,2020-12-14,1410.7032141328382
103529,2020-12-14,1426.0850059419754
103530,2020-12-14,1441.4667977510544
103531,2020-12-14,1456.8485895601334
103532,2020-12-14,1472.2303813692124
103533,2020-12-14,1486.983502767107
103534,2020-12-14,1501.7366241650307
103535,2020-12-14,1516.4897455629252
103536,2020-12-14,1531.242866960849
103537,2020-12-14,1545.114019956789
103538,2020-12-14,1558.985172952729
103539,2020-12-14,1572.8563259486982
103540,2020-12-14,1586.7274789446383
103541,2020-12-14,1597.5897850467882
103542,2020-12-14,1608.452091148938
103543,2020-12-14,1619.314397251088
103544,2020-12-14,1630.1767033532378
103545,2020-12-14,1634.0336557140981
103546,2020-12-14,1637.8906080749002
103547,2020-12-14,1641.7475604357314
103548,2020-12-14,1645.6045127965626
103549,2020-12-14,1645.2234678091772
103550,2020-12-14,1644.842422821821
103551,2020-12-14,1644.4613778344356
103552,2020-12-14,1644.080332847021
103553,2020-12-14,1636.4296509089763
103554,2020-12-14,1628.7789689709316
103555,2020-12-14,1621.1282870328869
103556,2020-12-14,1613.477605094813
103557,2020-12-14,1605.0999142508663
103558,2020-12-14,1596.7222234069195
103559,2020-12-14,1588.3445325629436
103560,2020-12-14,1579.9668417189969
103561,2020-12-14,1574.2013584026718
103562,2020-12-14,1568.4358750863175
103563,2020-12-14,1562.6703917699633
103564,2020-12-14,1556.9049084536382
103565,2020-12-14,1550.9200419119152
103566,2020-12-14,1544.9351753702504
103567,2020-12-14,1538.9503088285855
103568,2020-12-14,1532.9654422868916
103569,2020-12-14,1528.4607541385049
103570,2020-12-14,1523.9560659901472
103571,2020-12-14,1519.4513778418186
103572,2020-12-14,1514.946689693461
103573,2020-12-14,1512.9703549635888
103574,2020-12-14,1510.9940202337457
103575,2020-12-14,1509.0176855038735
103576,2020-12-14,1507.0413507740304
103577,2020-12-14,1504.0553751905682
103578,2020-12-14,1501.0693996071059
103579,2020-12-14,1498.0834240235854
103580,2020-12-14,1495.0974484401231
103581,2020-12-14,1495.2109262078884
103582,2020-12-14,1496.6955941631459
103583,2020-12-14,1491.1011450410297
